{
  "timestamp": "2026-06-24T23:01:19.234415",
  "total_rows": 2748,
  "total_features_raw": 12,
  "total_features_engineered": 22,
  "missing_values_before": 0,
  "missing_values_after": 0,
  "outliers_detected": {
    "voltage_measured": 0,
    "current_measured": 0,
    "temperature_measured": 0,
    "voltage_charge": 0,
    "current_charge": 0,
    "capacity": 0,
    "internal_resistance": 0,
    "ambient_temperature": 0
  },
  "total_outliers": 0,
  "train_size": 2198,
  "test_size": 550,
  "soh_feature_correlations": {
    "capacity_retention_rate": 0.999825217110321,
    "capacity": 0.9809834499450595,
    "voltage_measured": 0.8498335819227616,
    "voltage_charge": 0.7377716986619121,
    "ambient_temperature": 0.2764784468306752,
    "cycle_efficiency": 0.18989912614604756,
    "current_charge": -0.013521286785737397,
    "current_measured": -0.01386441667471135,
    "temperature_stress_score": -0.05177727497479129,
    "temperature_measured": -0.1850970774222887,
    "avg_charge_temperature": -0.23889094186422027,
    "avg_discharge_temperature": -0.24486002240382584,
    "degradation_rate": -0.7181743422039408,
    "voltage_drop": -0.7666672581485904,
    "cumulative_temp_stress": -0.8663606694775661,
    "cycle": -0.8927192114721103,
    "internal_resistance": -0.9395031441453555,
    "resistance_growth_rate": -0.9423621244777962,
    "battery_wear_index": -0.9591472718126112
  },
  "rul_feature_correlations": {
    "capacity_retention_rate": 0.8505624965253576,
    "capacity": 0.8284163171141188,
    "voltage_measured": 0.8072053733009596,
    "voltage_charge": 0.6925391216919935,
    "ambient_temperature": 0.21283589924937574,
    "cycle_efficiency": 0.1829722175147362,
    "current_measured": -0.01249787539011551,
    "current_charge": -0.024861282762255712,
    "temperature_stress_score": -0.050252012034660155,
    "temperature_measured": -0.17519846200916175,
    "avg_charge_temperature": -0.24037545256719922,
    "avg_discharge_temperature": -0.24874402725955705,
    "degradation_rate": -0.5029918134529555,
    "voltage_drop": -0.7325072330528708,
    "cumulative_temp_stress": -0.7329950115139299,
    "internal_resistance": -0.7495564027405571,
    "resistance_growth_rate": -0.7598666429795836,
    "battery_wear_index": -0.7802835775803787,
    "cycle": -0.8463471361024095
  },
  "batteries": [
    "B0005",
    "B0006",
    "B0007",
    "B0018"
  ]
}